--
-- PostgreSQL database dump
--

\restrict SZIYbCC2bu1L5geIGJtrggRP0bsHzRL0k9aS88V27BzkbZXNrQbumH4AeUdNMSa

-- Dumped from database version 18.4
-- Dumped by pg_dump version 18.4

SET statement_timeout = 0;
SET lock_timeout = 0;
SET idle_in_transaction_session_timeout = 0;
SET transaction_timeout = 0;
SET client_encoding = 'UTF8';
SET standard_conforming_strings = on;
SELECT pg_catalog.set_config('search_path', '', false);
SET check_function_bodies = false;
SET xmloption = content;
SET client_min_messages = warning;
SET row_security = off;

SET default_tablespace = '';

SET default_table_access_method = heap;

--
-- Name: bitacora; Type: TABLE; Schema: public; Owner: natsu
--

CREATE TABLE public.bitacora (
    id integer NOT NULL,
    user_id integer,
    action text,
    entity character varying(100),
    entity_id integer,
    created_at timestamp with time zone DEFAULT now() NOT NULL
);


ALTER TABLE public.bitacora OWNER TO natsu;

--
-- Name: bitacora_id_seq; Type: SEQUENCE; Schema: public; Owner: natsu
--

CREATE SEQUENCE public.bitacora_id_seq
    AS integer
    START WITH 1
    INCREMENT BY 1
    NO MINVALUE
    NO MAXVALUE
    CACHE 1;


ALTER SEQUENCE public.bitacora_id_seq OWNER TO natsu;

--
-- Name: bitacora_id_seq; Type: SEQUENCE OWNED BY; Schema: public; Owner: natsu
--

ALTER SEQUENCE public.bitacora_id_seq OWNED BY public.bitacora.id;


--
-- Name: comentarios_tarea; Type: TABLE; Schema: public; Owner: natsu
--

CREATE TABLE public.comentarios_tarea (
    id bigint NOT NULL,
    tarea_id bigint NOT NULL,
    usuario_id bigint NOT NULL,
    contenido text NOT NULL,
    fecha_creacion timestamp with time zone DEFAULT now() NOT NULL
);


ALTER TABLE public.comentarios_tarea OWNER TO natsu;

--
-- Name: comentarios_tarea_id_seq; Type: SEQUENCE; Schema: public; Owner: natsu
--

CREATE SEQUENCE public.comentarios_tarea_id_seq
    START WITH 1
    INCREMENT BY 1
    NO MINVALUE
    NO MAXVALUE
    CACHE 1;


ALTER SEQUENCE public.comentarios_tarea_id_seq OWNER TO natsu;

--
-- Name: comentarios_tarea_id_seq; Type: SEQUENCE OWNED BY; Schema: public; Owner: natsu
--

ALTER SEQUENCE public.comentarios_tarea_id_seq OWNED BY public.comentarios_tarea.id;


--
-- Name: comments; Type: TABLE; Schema: public; Owner: natsu
--

CREATE TABLE public.comments (
    id integer NOT NULL,
    task_id integer,
    user_id integer,
    content text,
    created_at timestamp with time zone DEFAULT now() NOT NULL
);


ALTER TABLE public.comments OWNER TO natsu;

--
-- Name: comments_id_seq; Type: SEQUENCE; Schema: public; Owner: natsu
--

CREATE SEQUENCE public.comments_id_seq
    AS integer
    START WITH 1
    INCREMENT BY 1
    NO MINVALUE
    NO MAXVALUE
    CACHE 1;


ALTER SEQUENCE public.comments_id_seq OWNER TO natsu;

--
-- Name: comments_id_seq; Type: SEQUENCE OWNED BY; Schema: public; Owner: natsu
--

ALTER SEQUENCE public.comments_id_seq OWNED BY public.comments.id;


--
-- Name: historial_cambio_tarea; Type: TABLE; Schema: public; Owner: postgres
--

CREATE TABLE public.historial_cambio_tarea (
    id bigint NOT NULL,
    estado_anterior character varying(255) NOT NULL,
    estado_nuevo character varying(255) NOT NULL,
    fecha timestamp(6) without time zone NOT NULL,
    motivo text,
    tarea_id bigint NOT NULL,
    usuario_id bigint NOT NULL,
    usuario_nombre character varying(255) NOT NULL
);


ALTER TABLE public.historial_cambio_tarea OWNER TO postgres;

--
-- Name: historial_cambio_tarea_id_seq; Type: SEQUENCE; Schema: public; Owner: postgres
--

ALTER TABLE public.historial_cambio_tarea ALTER COLUMN id ADD GENERATED BY DEFAULT AS IDENTITY (
    SEQUENCE NAME public.historial_cambio_tarea_id_seq
    START WITH 1
    INCREMENT BY 1
    NO MINVALUE
    NO MAXVALUE
    CACHE 1
);


--
-- Name: mensajes; Type: TABLE; Schema: public; Owner: postgres
--

CREATE TABLE public.mensajes (
    id bigint NOT NULL,
    contenido text NOT NULL,
    emisor_id bigint NOT NULL,
    fecha_envio timestamp(6) without time zone NOT NULL,
    leido boolean NOT NULL,
    proyecto_id bigint,
    receptor_id bigint NOT NULL
);


ALTER TABLE public.mensajes OWNER TO postgres;

--
-- Name: mensajes_id_seq; Type: SEQUENCE; Schema: public; Owner: postgres
--

ALTER TABLE public.mensajes ALTER COLUMN id ADD GENERATED BY DEFAULT AS IDENTITY (
    SEQUENCE NAME public.mensajes_id_seq
    START WITH 1
    INCREMENT BY 1
    NO MINVALUE
    NO MAXVALUE
    CACHE 1
);


--
-- Name: miembro_proyecto; Type: TABLE; Schema: public; Owner: natsu
--

CREATE TABLE public.miembro_proyecto (
    id bigint NOT NULL,
    proyecto_id bigint NOT NULL,
    usuario_id bigint NOT NULL,
    rol character varying(255) NOT NULL,
    fecha_ingreso timestamp with time zone DEFAULT now() NOT NULL,
    activo boolean DEFAULT true NOT NULL
);


ALTER TABLE public.miembro_proyecto OWNER TO natsu;

--
-- Name: miembro_proyecto_id_seq; Type: SEQUENCE; Schema: public; Owner: natsu
--

CREATE SEQUENCE public.miembro_proyecto_id_seq
    START WITH 1
    INCREMENT BY 1
    NO MINVALUE
    NO MAXVALUE
    CACHE 1;


ALTER SEQUENCE public.miembro_proyecto_id_seq OWNER TO natsu;

--
-- Name: miembro_proyecto_id_seq; Type: SEQUENCE OWNED BY; Schema: public; Owner: natsu
--

ALTER SEQUENCE public.miembro_proyecto_id_seq OWNED BY public.miembro_proyecto.id;


--
-- Name: notificaciones; Type: TABLE; Schema: public; Owner: postgres
--

CREATE TABLE public.notificaciones (
    id bigint NOT NULL,
    fecha timestamp(6) without time zone NOT NULL,
    leida boolean NOT NULL,
    mensaje text NOT NULL,
    usuario_id bigint NOT NULL
);


ALTER TABLE public.notificaciones OWNER TO postgres;

--
-- Name: notificaciones_id_seq; Type: SEQUENCE; Schema: public; Owner: postgres
--

ALTER TABLE public.notificaciones ALTER COLUMN id ADD GENERATED BY DEFAULT AS IDENTITY (
    SEQUENCE NAME public.notificaciones_id_seq
    START WITH 1
    INCREMENT BY 1
    NO MINVALUE
    NO MAXVALUE
    CACHE 1
);


--
-- Name: progress; Type: TABLE; Schema: public; Owner: natsu
--

CREATE TABLE public.progress (
    id integer NOT NULL,
    task_id integer,
    user_id integer,
    percentage integer,
    description text,
    created_at timestamp with time zone DEFAULT now() NOT NULL,
    CONSTRAINT progress_percentage_check CHECK (((percentage >= 0) AND (percentage <= 100)))
);


ALTER TABLE public.progress OWNER TO natsu;

--
-- Name: progress_id_seq; Type: SEQUENCE; Schema: public; Owner: natsu
--

CREATE SEQUENCE public.progress_id_seq
    AS integer
    START WITH 1
    INCREMENT BY 1
    NO MINVALUE
    NO MAXVALUE
    CACHE 1;


ALTER SEQUENCE public.progress_id_seq OWNER TO natsu;

--
-- Name: progress_id_seq; Type: SEQUENCE OWNED BY; Schema: public; Owner: natsu
--

ALTER SEQUENCE public.progress_id_seq OWNED BY public.progress.id;


--
-- Name: project_users; Type: TABLE; Schema: public; Owner: natsu
--

CREATE TABLE public.project_users (
    id integer NOT NULL,
    user_id integer,
    project_id integer
);


ALTER TABLE public.project_users OWNER TO natsu;

--
-- Name: project_users_id_seq; Type: SEQUENCE; Schema: public; Owner: natsu
--

CREATE SEQUENCE public.project_users_id_seq
    AS integer
    START WITH 1
    INCREMENT BY 1
    NO MINVALUE
    NO MAXVALUE
    CACHE 1;


ALTER SEQUENCE public.project_users_id_seq OWNER TO natsu;

--
-- Name: project_users_id_seq; Type: SEQUENCE OWNED BY; Schema: public; Owner: natsu
--

ALTER SEQUENCE public.project_users_id_seq OWNED BY public.project_users.id;


--
-- Name: projects; Type: TABLE; Schema: public; Owner: natsu
--

CREATE TABLE public.projects (
    id integer NOT NULL,
    name character varying(150) NOT NULL,
    description text,
    start_date date,
    end_date date,
    owner_id integer NOT NULL
);


ALTER TABLE public.projects OWNER TO natsu;

--
-- Name: projects_id_seq; Type: SEQUENCE; Schema: public; Owner: natsu
--

CREATE SEQUENCE public.projects_id_seq
    AS integer
    START WITH 1
    INCREMENT BY 1
    NO MINVALUE
    NO MAXVALUE
    CACHE 1;


ALTER SEQUENCE public.projects_id_seq OWNER TO natsu;

--
-- Name: projects_id_seq; Type: SEQUENCE OWNED BY; Schema: public; Owner: natsu
--

ALTER SEQUENCE public.projects_id_seq OWNED BY public.projects.id;


--
-- Name: proyecto; Type: TABLE; Schema: public; Owner: natsu
--

CREATE TABLE public.proyecto (
    id bigint NOT NULL,
    nombre character varying(255),
    descripcion character varying(255),
    estado character varying(255),
    fecha_inicio date,
    fecha_fin date,
    fecha_creacion timestamp with time zone DEFAULT now(),
    activo boolean DEFAULT true NOT NULL,
    eliminado_logicamente boolean DEFAULT false NOT NULL,
    prioridad character varying(255),
    responsable character varying(255)
);


ALTER TABLE public.proyecto OWNER TO natsu;

--
-- Name: proyecto_id_seq; Type: SEQUENCE; Schema: public; Owner: natsu
--

CREATE SEQUENCE public.proyecto_id_seq
    START WITH 1
    INCREMENT BY 1
    NO MINVALUE
    NO MAXVALUE
    CACHE 1;


ALTER SEQUENCE public.proyecto_id_seq OWNER TO natsu;

--
-- Name: proyecto_id_seq; Type: SEQUENCE OWNED BY; Schema: public; Owner: natsu
--

ALTER SEQUENCE public.proyecto_id_seq OWNED BY public.proyecto.id;


--
-- Name: roles; Type: TABLE; Schema: public; Owner: natsu
--

CREATE TABLE public.roles (
    id integer NOT NULL,
    name character varying(50) NOT NULL
);


ALTER TABLE public.roles OWNER TO natsu;

--
-- Name: roles_id_seq; Type: SEQUENCE; Schema: public; Owner: natsu
--

CREATE SEQUENCE public.roles_id_seq
    AS integer
    START WITH 1
    INCREMENT BY 1
    NO MINVALUE
    NO MAXVALUE
    CACHE 1;


ALTER SEQUENCE public.roles_id_seq OWNER TO natsu;

--
-- Name: roles_id_seq; Type: SEQUENCE OWNED BY; Schema: public; Owner: natsu
--

ALTER SEQUENCE public.roles_id_seq OWNED BY public.roles.id;


--
-- Name: tarea; Type: TABLE; Schema: public; Owner: natsu
--

CREATE TABLE public.tarea (
    id bigint NOT NULL,
    titulo character varying(255),
    descripcion character varying(255),
    estado character varying(255),
    prioridad character varying(255),
    responsable character varying(255),
    fecha_limite date,
    fecha_creacion timestamp with time zone DEFAULT now(),
    proyecto_id bigint,
    eliminado_logicamente boolean DEFAULT false NOT NULL,
    tarea_padre_id bigint
);


ALTER TABLE public.tarea OWNER TO natsu;

--
-- Name: tarea_dependencias; Type: TABLE; Schema: public; Owner: natsu
--

CREATE TABLE public.tarea_dependencias (
    tarea_id bigint NOT NULL,
    dependencia_id bigint NOT NULL
);


ALTER TABLE public.tarea_dependencias OWNER TO natsu;

--
-- Name: tarea_evidencias; Type: TABLE; Schema: public; Owner: natsu
--

CREATE TABLE public.tarea_evidencias (
    tarea_id bigint NOT NULL,
    evidencia_url character varying(255)
);


ALTER TABLE public.tarea_evidencias OWNER TO natsu;

--
-- Name: tarea_id_seq; Type: SEQUENCE; Schema: public; Owner: natsu
--

CREATE SEQUENCE public.tarea_id_seq
    START WITH 1
    INCREMENT BY 1
    NO MINVALUE
    NO MAXVALUE
    CACHE 1;


ALTER SEQUENCE public.tarea_id_seq OWNER TO natsu;

--
-- Name: tarea_id_seq; Type: SEQUENCE OWNED BY; Schema: public; Owner: natsu
--

ALTER SEQUENCE public.tarea_id_seq OWNED BY public.tarea.id;


--
-- Name: task_dependencies; Type: TABLE; Schema: public; Owner: natsu
--

CREATE TABLE public.task_dependencies (
    id integer NOT NULL,
    task_id integer,
    depends_on_task_id integer
);


ALTER TABLE public.task_dependencies OWNER TO natsu;

--
-- Name: task_dependencies_id_seq; Type: SEQUENCE; Schema: public; Owner: natsu
--

CREATE SEQUENCE public.task_dependencies_id_seq
    AS integer
    START WITH 1
    INCREMENT BY 1
    NO MINVALUE
    NO MAXVALUE
    CACHE 1;


ALTER SEQUENCE public.task_dependencies_id_seq OWNER TO natsu;

--
-- Name: task_dependencies_id_seq; Type: SEQUENCE OWNED BY; Schema: public; Owner: natsu
--

ALTER SEQUENCE public.task_dependencies_id_seq OWNED BY public.task_dependencies.id;


--
-- Name: task_priority; Type: TABLE; Schema: public; Owner: natsu
--

CREATE TABLE public.task_priority (
    id integer NOT NULL,
    name character varying(50) NOT NULL
);


ALTER TABLE public.task_priority OWNER TO natsu;

--
-- Name: task_priority_id_seq; Type: SEQUENCE; Schema: public; Owner: natsu
--

CREATE SEQUENCE public.task_priority_id_seq
    AS integer
    START WITH 1
    INCREMENT BY 1
    NO MINVALUE
    NO MAXVALUE
    CACHE 1;


ALTER SEQUENCE public.task_priority_id_seq OWNER TO natsu;

--
-- Name: task_priority_id_seq; Type: SEQUENCE OWNED BY; Schema: public; Owner: natsu
--

ALTER SEQUENCE public.task_priority_id_seq OWNED BY public.task_priority.id;


--
-- Name: task_status; Type: TABLE; Schema: public; Owner: natsu
--

CREATE TABLE public.task_status (
    id integer NOT NULL,
    name character varying(50) NOT NULL
);


ALTER TABLE public.task_status OWNER TO natsu;

--
-- Name: task_status_id_seq; Type: SEQUENCE; Schema: public; Owner: natsu
--

CREATE SEQUENCE public.task_status_id_seq
    AS integer
    START WITH 1
    INCREMENT BY 1
    NO MINVALUE
    NO MAXVALUE
    CACHE 1;


ALTER SEQUENCE public.task_status_id_seq OWNER TO natsu;

--
-- Name: task_status_id_seq; Type: SEQUENCE OWNED BY; Schema: public; Owner: natsu
--

ALTER SEQUENCE public.task_status_id_seq OWNED BY public.task_status.id;


--
-- Name: tasks; Type: TABLE; Schema: public; Owner: natsu
--

CREATE TABLE public.tasks (
    id integer NOT NULL,
    title character varying(150) NOT NULL,
    description text,
    start_date date,
    end_date date,
    status_id integer,
    priority_id integer,
    project_id integer,
    assigned_to integer
);


ALTER TABLE public.tasks OWNER TO natsu;

--
-- Name: tasks_id_seq; Type: SEQUENCE; Schema: public; Owner: natsu
--

CREATE SEQUENCE public.tasks_id_seq
    AS integer
    START WITH 1
    INCREMENT BY 1
    NO MINVALUE
    NO MAXVALUE
    CACHE 1;


ALTER SEQUENCE public.tasks_id_seq OWNER TO natsu;

--
-- Name: tasks_id_seq; Type: SEQUENCE OWNED BY; Schema: public; Owner: natsu
--

ALTER SEQUENCE public.tasks_id_seq OWNED BY public.tasks.id;


--
-- Name: users; Type: TABLE; Schema: public; Owner: natsu
--

CREATE TABLE public.users (
    id integer NOT NULL,
    name character varying(100) NOT NULL,
    email character varying(100) NOT NULL,
    password character varying(255) NOT NULL,
    role_id integer,
    created_at timestamp with time zone DEFAULT now() NOT NULL
);


ALTER TABLE public.users OWNER TO natsu;

--
-- Name: users_id_seq; Type: SEQUENCE; Schema: public; Owner: natsu
--

CREATE SEQUENCE public.users_id_seq
    AS integer
    START WITH 1
    INCREMENT BY 1
    NO MINVALUE
    NO MAXVALUE
    CACHE 1;


ALTER SEQUENCE public.users_id_seq OWNER TO natsu;

--
-- Name: users_id_seq; Type: SEQUENCE OWNED BY; Schema: public; Owner: natsu
--

ALTER SEQUENCE public.users_id_seq OWNED BY public.users.id;


--
-- Name: usuarios; Type: TABLE; Schema: public; Owner: natsu
--

CREATE TABLE public.usuarios (
    id bigint NOT NULL,
    nombre character varying(255),
    correo character varying(255),
    contrasena character varying(255),
    rol character varying(255),
    ultima_conexion timestamp(6) without time zone
);


ALTER TABLE public.usuarios OWNER TO natsu;

--
-- Name: usuarios_id_seq; Type: SEQUENCE; Schema: public; Owner: natsu
--

CREATE SEQUENCE public.usuarios_id_seq
    START WITH 1
    INCREMENT BY 1
    NO MINVALUE
    NO MAXVALUE
    CACHE 1;


ALTER SEQUENCE public.usuarios_id_seq OWNER TO natsu;

--
-- Name: usuarios_id_seq; Type: SEQUENCE OWNED BY; Schema: public; Owner: natsu
--

ALTER SEQUENCE public.usuarios_id_seq OWNED BY public.usuarios.id;


--
-- Name: bitacora id; Type: DEFAULT; Schema: public; Owner: natsu
--

ALTER TABLE ONLY public.bitacora ALTER COLUMN id SET DEFAULT nextval('public.bitacora_id_seq'::regclass);


--
-- Name: comentarios_tarea id; Type: DEFAULT; Schema: public; Owner: natsu
--

ALTER TABLE ONLY public.comentarios_tarea ALTER COLUMN id SET DEFAULT nextval('public.comentarios_tarea_id_seq'::regclass);


--
-- Name: comments id; Type: DEFAULT; Schema: public; Owner: natsu
--

ALTER TABLE ONLY public.comments ALTER COLUMN id SET DEFAULT nextval('public.comments_id_seq'::regclass);


--
-- Name: miembro_proyecto id; Type: DEFAULT; Schema: public; Owner: natsu
--

ALTER TABLE ONLY public.miembro_proyecto ALTER COLUMN id SET DEFAULT nextval('public.miembro_proyecto_id_seq'::regclass);


--
-- Name: progress id; Type: DEFAULT; Schema: public; Owner: natsu
--

ALTER TABLE ONLY public.progress ALTER COLUMN id SET DEFAULT nextval('public.progress_id_seq'::regclass);


--
-- Name: project_users id; Type: DEFAULT; Schema: public; Owner: natsu
--

ALTER TABLE ONLY public.project_users ALTER COLUMN id SET DEFAULT nextval('public.project_users_id_seq'::regclass);


--
-- Name: projects id; Type: DEFAULT; Schema: public; Owner: natsu
--

ALTER TABLE ONLY public.projects ALTER COLUMN id SET DEFAULT nextval('public.projects_id_seq'::regclass);


--
-- Name: proyecto id; Type: DEFAULT; Schema: public; Owner: natsu
--

ALTER TABLE ONLY public.proyecto ALTER COLUMN id SET DEFAULT nextval('public.proyecto_id_seq'::regclass);


--
-- Name: roles id; Type: DEFAULT; Schema: public; Owner: natsu
--

ALTER TABLE ONLY public.roles ALTER COLUMN id SET DEFAULT nextval('public.roles_id_seq'::regclass);


--
-- Name: tarea id; Type: DEFAULT; Schema: public; Owner: natsu
--

ALTER TABLE ONLY public.tarea ALTER COLUMN id SET DEFAULT nextval('public.tarea_id_seq'::regclass);


--
-- Name: task_dependencies id; Type: DEFAULT; Schema: public; Owner: natsu
--

ALTER TABLE ONLY public.task_dependencies ALTER COLUMN id SET DEFAULT nextval('public.task_dependencies_id_seq'::regclass);


--
-- Name: task_priority id; Type: DEFAULT; Schema: public; Owner: natsu
--

ALTER TABLE ONLY public.task_priority ALTER COLUMN id SET DEFAULT nextval('public.task_priority_id_seq'::regclass);


--
-- Name: task_status id; Type: DEFAULT; Schema: public; Owner: natsu
--

ALTER TABLE ONLY public.task_status ALTER COLUMN id SET DEFAULT nextval('public.task_status_id_seq'::regclass);


--
-- Name: tasks id; Type: DEFAULT; Schema: public; Owner: natsu
--

ALTER TABLE ONLY public.tasks ALTER COLUMN id SET DEFAULT nextval('public.tasks_id_seq'::regclass);


--
-- Name: users id; Type: DEFAULT; Schema: public; Owner: natsu
--

ALTER TABLE ONLY public.users ALTER COLUMN id SET DEFAULT nextval('public.users_id_seq'::regclass);


--
-- Name: usuarios id; Type: DEFAULT; Schema: public; Owner: natsu
--

ALTER TABLE ONLY public.usuarios ALTER COLUMN id SET DEFAULT nextval('public.usuarios_id_seq'::regclass);


--
-- Data for Name: bitacora; Type: TABLE DATA; Schema: public; Owner: natsu
--

COPY public.bitacora (id, user_id, action, entity, entity_id, created_at) FROM stdin;
\.


--
-- Data for Name: comentarios_tarea; Type: TABLE DATA; Schema: public; Owner: natsu
--

COPY public.comentarios_tarea (id, tarea_id, usuario_id, contenido, fecha_creacion) FROM stdin;
1	1	9	Ayuda	2026-06-12 12:06:57.26251-05
2	1	9	Causa	2026-06-12 12:25:46.842977-05
3	5	10	Joven complete el trabajo, minimo hasta hoy	2026-07-02 21:59:59.820232-05
4	5	9	De acuerdo profesor	2026-07-02 22:00:47.589986-05
5	7	18	Comentario de prueba automático.	2026-07-02 23:29:16.831412-05
\.


--
-- Data for Name: comments; Type: TABLE DATA; Schema: public; Owner: natsu
--

COPY public.comments (id, task_id, user_id, content, created_at) FROM stdin;
\.


--
-- Data for Name: historial_cambio_tarea; Type: TABLE DATA; Schema: public; Owner: postgres
--

COPY public.historial_cambio_tarea (id, estado_anterior, estado_nuevo, fecha, motivo, tarea_id, usuario_id, usuario_nombre) FROM stdin;
1	PENDIENTE	EN_PROGRESO	2026-06-19 11:49:03.937922	Cambio rápido en el tablero	1	9	Pablo
2	EN_PROGRESO	EN_REVISION	2026-06-19 11:49:10.429563	Cambio rápido en el tablero	1	9	Pablo
3	EN_REVISION	EN_PROGRESO	2026-06-19 11:49:26.066972	Cambio rápido en el tablero	1	9	Pablo
4	EN_PROGRESO	PENDIENTE	2026-06-19 11:50:45.573144	Cambio rápido en el tablero	1	9	Pablo
5	PENDIENTE	EN_PROGRESO	2026-06-19 12:19:38.613277	Cambio rápido en el tablero	4	9	Pablo
6	PENDIENTE	EN_PROGRESO	2026-06-19 12:19:41.724863	Cambio rápido en el tablero	3	9	Pablo
7	EN_PROGRESO	EN_REVISION	2026-06-19 12:41:46.266693	Cambio rápido en el tablero	3	9	Pablo
8	EN_PROGRESO	EN_REVISION	2026-06-19 12:41:58.468	Cambio rápido en el tablero	4	9	Pablo
9	EN_REVISION	COMPLETADA	2026-06-19 12:42:20.614894	Cambio rápido en el tablero	3	10	Lider
10	EN_REVISION	COMPLETADA	2026-06-19 12:42:24.735442	Cambio rápido en el tablero	4	10	Lider
11	PENDIENTE	EN_PROGRESO	2026-07-01 17:03:05.031396	Cambio rápido en el tablero	1	9	Pablo
12	EN_PROGRESO	EN_REVISION	2026-07-01 17:03:09.967895	Cambio rápido en el tablero	1	9	Pablo
13	EN_REVISION	COMPLETADA	2026-07-01 17:04:13.354762	Cambio rápido en el tablero	1	10	Lider
14	PENDIENTE	EN_PROGRESO	2026-07-02 23:29:18.308058	Justificación automatizada Cypress	7	18	TaskUser_1783052948045
\.


--
-- Data for Name: mensajes; Type: TABLE DATA; Schema: public; Owner: postgres
--

COPY public.mensajes (id, contenido, emisor_id, fecha_envio, leido, proyecto_id, receptor_id) FROM stdin;
1	hola	10	2026-06-19 13:13:21.622371	t	7	9
2	Ya envie mi progreso, reviselo porfa	9	2026-07-01 17:03:33.091331	t	7	10
3	Listo	10	2026-07-01 17:04:24.210375	t	7	9
4	Lider, ya le envie a revision el proyecto	9	2026-07-02 22:01:15.141226	f	7	10
\.


--
-- Data for Name: miembro_proyecto; Type: TABLE DATA; Schema: public; Owner: natsu
--

COPY public.miembro_proyecto (id, proyecto_id, usuario_id, rol, fecha_ingreso, activo) FROM stdin;
1	6	3	COLABORADOR	2026-05-30 00:59:33.421879-05	t
2	6	2	COLABORADOR	2026-05-30 00:59:33.451781-05	t
3	7	1	COLABORADOR	2026-06-19 12:15:39.548065-05	t
4	7	2	COLABORADOR	2026-06-19 12:15:39.58205-05	t
5	7	5	COLABORADOR	2026-06-19 12:15:39.606939-05	t
6	7	7	COLABORADOR	2026-06-19 12:15:39.629701-05	t
7	7	9	COLABORADOR	2026-06-19 12:15:39.65149-05	t
8	2	16	COLABORADOR	2026-07-02 23:26:47.883405-05	t
9	2	17	COLABORADOR	2026-07-02 23:28:09.566976-05	t
10	2	18	LIDER	2026-07-02 23:29:11.744224-05	t
\.


--
-- Data for Name: notificaciones; Type: TABLE DATA; Schema: public; Owner: postgres
--

COPY public.notificaciones (id, fecha, leida, mensaje, usuario_id) FROM stdin;
\.


--
-- Data for Name: progress; Type: TABLE DATA; Schema: public; Owner: natsu
--

COPY public.progress (id, task_id, user_id, percentage, description, created_at) FROM stdin;
\.


--
-- Data for Name: project_users; Type: TABLE DATA; Schema: public; Owner: natsu
--

COPY public.project_users (id, user_id, project_id) FROM stdin;
\.


--
-- Data for Name: projects; Type: TABLE DATA; Schema: public; Owner: natsu
--

COPY public.projects (id, name, description, start_date, end_date, owner_id) FROM stdin;
\.


--
-- Data for Name: proyecto; Type: TABLE DATA; Schema: public; Owner: natsu
--

COPY public.proyecto (id, nombre, descripcion, estado, fecha_inicio, fecha_fin, fecha_creacion, activo, eliminado_logicamente, prioridad, responsable) FROM stdin;
2	Proyecto de Prueba Test	Descripción de Prueba	ACTIVO	2026-05-30	2026-06-09	2026-05-30 00:25:56.773749-05	t	f	ALTA	Admin User
4	Proyecto de Prueba Test	Descripción de Prueba	ACTIVO	2026-05-30	2026-06-09	2026-05-30 00:28:05.24858-05	t	f	ALTA	Admin User
5	Admin	Admin	ACTIVO	2026-06-05	2026-06-07	2026-05-30 00:46:14.571539-05	t	f	ALTA	nat
1	Proyecto de Prueba Test	Descripción de Prueba	ACTIVO	2026-05-30	2026-06-09	2026-05-30 00:24:56.5254-05	t	t	ALTA	Admin User
3	Proyecto de Prueba Test	Descripción de Prueba	ACTIVO	2026-05-30	2026-06-09	2026-05-30 00:26:21.993048-05	t	t	ALTA	Admin User
6	Tarea en Equipo Claude	Usar tokens en el apartado Enterprise	EN_PAUSA	2026-05-28	2026-06-05	2026-05-30 00:59:33.36117-05	t	f	BAJA	Jeremy
7	Proyecto Junio	Por hacer antes de Fin de Junio	ACTIVO	2026-06-20	2026-06-30	2026-06-19 12:15:39.470701-05	t	f	ALTA	Lider
\.


--
-- Data for Name: roles; Type: TABLE DATA; Schema: public; Owner: natsu
--

COPY public.roles (id, name) FROM stdin;
1	admin
2	admin
\.


--
-- Data for Name: tarea; Type: TABLE DATA; Schema: public; Owner: natsu
--

COPY public.tarea (id, titulo, descripcion, estado, prioridad, responsable, fecha_limite, fecha_creacion, proyecto_id, eliminado_logicamente, tarea_padre_id) FROM stdin;
2	Parte 2	\N	PENDIENTE	ALTA	\N	\N	2026-06-12 12:08:55.198985-05	2	t	1
3	Examenes Parciales	Estudiar para el examen	COMPLETADA	CRITICA	9	\N	2026-06-19 12:17:03.245603-05	7	f	\N
4	Examenes finales	Estudiar todos	COMPLETADA	ALTA	9	\N	2026-06-19 12:17:31.583295-05	7	f	\N
1	Tarea 1	Entregable	COMPLETADA	MEDIA	\N	2026-08-07	2026-06-12 12:04:02.130676-05	2	f	\N
5	Prueba Numero 2	Viernes por hacer	PENDIENTE	BAJA	9	2026-07-30	2026-07-02 21:55:02.330604-05	7	f	\N
6	Subtarea del Viernes		PENDIENTE	ALTA	\N	\N	2026-07-02 21:56:00.205449-05	7	f	5
7	Tarea Autocreada 1783052951833	Descripción automatizada para el test 1783052951833	EN_PROGRESO	ALTA	\N	\N	2026-07-02 23:29:15.272023-05	2	f	\N
\.


--
-- Data for Name: tarea_dependencias; Type: TABLE DATA; Schema: public; Owner: natsu
--

COPY public.tarea_dependencias (tarea_id, dependencia_id) FROM stdin;
\.


--
-- Data for Name: tarea_evidencias; Type: TABLE DATA; Schema: public; Owner: natsu
--

COPY public.tarea_evidencias (tarea_id, evidencia_url) FROM stdin;
1	https://www.google.com
\.


--
-- Data for Name: task_dependencies; Type: TABLE DATA; Schema: public; Owner: natsu
--

COPY public.task_dependencies (id, task_id, depends_on_task_id) FROM stdin;
\.


--
-- Data for Name: task_priority; Type: TABLE DATA; Schema: public; Owner: natsu
--

COPY public.task_priority (id, name) FROM stdin;
\.


--
-- Data for Name: task_status; Type: TABLE DATA; Schema: public; Owner: natsu
--

COPY public.task_status (id, name) FROM stdin;
\.


--
-- Data for Name: tasks; Type: TABLE DATA; Schema: public; Owner: natsu
--

COPY public.tasks (id, title, description, start_date, end_date, status_id, priority_id, project_id, assigned_to) FROM stdin;
\.


--
-- Data for Name: users; Type: TABLE DATA; Schema: public; Owner: natsu
--

COPY public.users (id, name, email, password, role_id, created_at) FROM stdin;
1	Admin User	admin@example.com	$2a$12$HXGvLD9Z/7fr4pbv/SizhOJkZf.lrJUPEEmr/vCBrn.g9./4c2oLq	1	2026-05-29 22:52:05.724777-05
\.


--
-- Data for Name: usuarios; Type: TABLE DATA; Schema: public; Owner: natsu
--

COPY public.usuarios (id, nombre, correo, contrasena, rol, ultima_conexion) FROM stdin;
1	Juan Pérez	juan@correo.com	$2a$10$rBrtComR/4vEBR/YHa3vV.M.1ozyWgLkWLyh/fnzfn77c6sErHxyK	COLABORADOR	\N
2	nat	angel.vargas.uni@gmail.com	$2a$10$r7tjv9KsCg4MufjeSuXkiO8/SGBjjegRD2KKWTcMNHm/15IxEWGAS	COLABORADOR	\N
3	Admin User	admin@example.com	$2a$12$cofm9Q/wSjpJTCwUB/OFEe9EcZaXNcxy86Fqw/7rlZk7NltB9GVl6	ADMIN	\N
4	Admin	admin@correo.com	$2a$12$cofm9Q/wSjpJTCwUB/OFEe9EcZaXNcxy86Fqw/7rlZk7NltB9GVl6	ADMIN	\N
5	Jeremy	jeremy@gmail.com	$2a$10$Np6iDZVv5coDv.uQ6jg4FeVnD/nwzhMvMIbnr/BcG7r3ENWzMPbwK	COLABORADOR	\N
6	Admin	admin@gmail.com	$2a$10$k3pTt/UJTp5xNF8HwxTHee6Xymw85RM0pK9EDDKY/f1g3OFFIm48G	ADMIN	\N
7	Miguel	miguelangelvargasperez@gmail.com	$2a$10$VVPHe4.2vVWrbXJH.1T7EuuUwFbjgrqf85xv0coqrO5je347zT3KK	COLABORADOR	\N
8	Docente	admin@utp.edu.pe	$2a$10$6s9ps0hGfJpMDEgt1G0A9eT9GEMaim4IBRepyHXHsOAtwuKyaHejG	ADMIN	\N
10	Lider	lider@gmail.com	$2a$10$5qfvvJJGp9XcJmBypByqaOmlWrz9jicy58OzMysEKNxZ6.alu/92.	LIDER	2026-07-02 23:29:56.233368
11	Test User	testuser@gmail.com	$2a$10$HMBRX8gY9h/okesLxOEixu8S3AS/qmOURrCAObK3951bVLFLJcODK	COLABORADOR	\N
9	Pablo	pablo@gmail.com	$2a$10$E6rw0UHvjaoCxPOgtgPzs.wANVzJTElCZECDSnx5wPMWrepKp.HO.	COLABORADOR	2026-07-02 22:03:01.84837
12	User_1783052267638	user_1783052267638@worksync.com	$2a$10$WWvhxjFQoLwWJU6qRbS2FuevpJnsZkZHtimT5FnCLJy2WKHikNroy	LIDER	\N
13	User_1783052324974	user_1783052324974@worksync.com	$2a$10$TxpzBqiyYeeHl8zwiNxFdesqADZWm2ZM2eGdkU0hiqjQ1.0snw9dq	LIDER	\N
14	TaskUser_1783052702488	taskuser_1783052702488@worksync.com	$2a$10$HVA7nFYl9WECaz.C4AZLXuJ5.pOe6.W6LC0JlIyABpRy8NNrIsKt.	COLABORADOR	\N
15	TaskUser_1783052743895	taskuser_1783052743895@worksync.com	$2a$10$GkK.LL.28YfaIBkoZ0VjA.LHJTMTwzBy3rBTZil0F5PNoeCsePK1S	COLABORADOR	\N
16	TaskUser_1783052804039	taskuser_1783052804039@worksync.com	$2a$10$qH.B3e5ltAUr.yLIu3qLqewIS6CJUzJumLM4AbVLsiygYTfxCC6FS	COLABORADOR	\N
17	TaskUser_1783052885707	taskuser_1783052885707@worksync.com	$2a$10$tReGRijQiMlOZZRQ/cCWZekLTp2mzlVZqNiS3iyG6BBohZgDA1akS	COLABORADOR	\N
18	TaskUser_1783052948045	taskuser_1783052948045@worksync.com	$2a$10$rxp7AdsXPYot.aJK8efOH.YQdoyLGekyK./gVlXgskOCk2zn3LNSy	LIDER	\N
\.


--
-- Name: bitacora_id_seq; Type: SEQUENCE SET; Schema: public; Owner: natsu
--

SELECT pg_catalog.setval('public.bitacora_id_seq', 1, false);


--
-- Name: comentarios_tarea_id_seq; Type: SEQUENCE SET; Schema: public; Owner: natsu
--

SELECT pg_catalog.setval('public.comentarios_tarea_id_seq', 5, true);


--
-- Name: comments_id_seq; Type: SEQUENCE SET; Schema: public; Owner: natsu
--

SELECT pg_catalog.setval('public.comments_id_seq', 1, false);


--
-- Name: historial_cambio_tarea_id_seq; Type: SEQUENCE SET; Schema: public; Owner: postgres
--

SELECT pg_catalog.setval('public.historial_cambio_tarea_id_seq', 14, true);


--
-- Name: mensajes_id_seq; Type: SEQUENCE SET; Schema: public; Owner: postgres
--

SELECT pg_catalog.setval('public.mensajes_id_seq', 4, true);


--
-- Name: miembro_proyecto_id_seq; Type: SEQUENCE SET; Schema: public; Owner: natsu
--

SELECT pg_catalog.setval('public.miembro_proyecto_id_seq', 10, true);


--
-- Name: notificaciones_id_seq; Type: SEQUENCE SET; Schema: public; Owner: postgres
--

SELECT pg_catalog.setval('public.notificaciones_id_seq', 1, false);


--
-- Name: progress_id_seq; Type: SEQUENCE SET; Schema: public; Owner: natsu
--

SELECT pg_catalog.setval('public.progress_id_seq', 1, false);


--
-- Name: project_users_id_seq; Type: SEQUENCE SET; Schema: public; Owner: natsu
--

SELECT pg_catalog.setval('public.project_users_id_seq', 1, false);


--
-- Name: projects_id_seq; Type: SEQUENCE SET; Schema: public; Owner: natsu
--

SELECT pg_catalog.setval('public.projects_id_seq', 1, false);


--
-- Name: proyecto_id_seq; Type: SEQUENCE SET; Schema: public; Owner: natsu
--

SELECT pg_catalog.setval('public.proyecto_id_seq', 7, true);


--
-- Name: roles_id_seq; Type: SEQUENCE SET; Schema: public; Owner: natsu
--

SELECT pg_catalog.setval('public.roles_id_seq', 2, true);


--
-- Name: tarea_id_seq; Type: SEQUENCE SET; Schema: public; Owner: natsu
--

SELECT pg_catalog.setval('public.tarea_id_seq', 7, true);


--
-- Name: task_dependencies_id_seq; Type: SEQUENCE SET; Schema: public; Owner: natsu
--

SELECT pg_catalog.setval('public.task_dependencies_id_seq', 1, false);


--
-- Name: task_priority_id_seq; Type: SEQUENCE SET; Schema: public; Owner: natsu
--

SELECT pg_catalog.setval('public.task_priority_id_seq', 1, false);


--
-- Name: task_status_id_seq; Type: SEQUENCE SET; Schema: public; Owner: natsu
--

SELECT pg_catalog.setval('public.task_status_id_seq', 1, false);


--
-- Name: tasks_id_seq; Type: SEQUENCE SET; Schema: public; Owner: natsu
--

SELECT pg_catalog.setval('public.tasks_id_seq', 1, false);


--
-- Name: users_id_seq; Type: SEQUENCE SET; Schema: public; Owner: natsu
--

SELECT pg_catalog.setval('public.users_id_seq', 2, true);


--
-- Name: usuarios_id_seq; Type: SEQUENCE SET; Schema: public; Owner: natsu
--

SELECT pg_catalog.setval('public.usuarios_id_seq', 18, true);


--
-- Name: bitacora bitacora_pkey; Type: CONSTRAINT; Schema: public; Owner: natsu
--

ALTER TABLE ONLY public.bitacora
    ADD CONSTRAINT bitacora_pkey PRIMARY KEY (id);


--
-- Name: comentarios_tarea comentarios_tarea_pkey; Type: CONSTRAINT; Schema: public; Owner: natsu
--

ALTER TABLE ONLY public.comentarios_tarea
    ADD CONSTRAINT comentarios_tarea_pkey PRIMARY KEY (id);


--
-- Name: comments comments_pkey; Type: CONSTRAINT; Schema: public; Owner: natsu
--

ALTER TABLE ONLY public.comments
    ADD CONSTRAINT comments_pkey PRIMARY KEY (id);


--
-- Name: historial_cambio_tarea historial_cambio_tarea_pkey; Type: CONSTRAINT; Schema: public; Owner: postgres
--

ALTER TABLE ONLY public.historial_cambio_tarea
    ADD CONSTRAINT historial_cambio_tarea_pkey PRIMARY KEY (id);


--
-- Name: mensajes mensajes_pkey; Type: CONSTRAINT; Schema: public; Owner: postgres
--

ALTER TABLE ONLY public.mensajes
    ADD CONSTRAINT mensajes_pkey PRIMARY KEY (id);


--
-- Name: miembro_proyecto miembro_proyecto_pkey; Type: CONSTRAINT; Schema: public; Owner: natsu
--

ALTER TABLE ONLY public.miembro_proyecto
    ADD CONSTRAINT miembro_proyecto_pkey PRIMARY KEY (id);


--
-- Name: miembro_proyecto miembro_proyecto_proyecto_id_usuario_id_key; Type: CONSTRAINT; Schema: public; Owner: natsu
--

ALTER TABLE ONLY public.miembro_proyecto
    ADD CONSTRAINT miembro_proyecto_proyecto_id_usuario_id_key UNIQUE (proyecto_id, usuario_id);


--
-- Name: notificaciones notificaciones_pkey; Type: CONSTRAINT; Schema: public; Owner: postgres
--

ALTER TABLE ONLY public.notificaciones
    ADD CONSTRAINT notificaciones_pkey PRIMARY KEY (id);


--
-- Name: progress progress_pkey; Type: CONSTRAINT; Schema: public; Owner: natsu
--

ALTER TABLE ONLY public.progress
    ADD CONSTRAINT progress_pkey PRIMARY KEY (id);


--
-- Name: project_users project_users_pkey; Type: CONSTRAINT; Schema: public; Owner: natsu
--

ALTER TABLE ONLY public.project_users
    ADD CONSTRAINT project_users_pkey PRIMARY KEY (id);


--
-- Name: project_users project_users_user_id_project_id_key; Type: CONSTRAINT; Schema: public; Owner: natsu
--

ALTER TABLE ONLY public.project_users
    ADD CONSTRAINT project_users_user_id_project_id_key UNIQUE (user_id, project_id);


--
-- Name: projects projects_pkey; Type: CONSTRAINT; Schema: public; Owner: natsu
--

ALTER TABLE ONLY public.projects
    ADD CONSTRAINT projects_pkey PRIMARY KEY (id);


--
-- Name: proyecto proyecto_pkey; Type: CONSTRAINT; Schema: public; Owner: natsu
--

ALTER TABLE ONLY public.proyecto
    ADD CONSTRAINT proyecto_pkey PRIMARY KEY (id);


--
-- Name: roles roles_pkey; Type: CONSTRAINT; Schema: public; Owner: natsu
--

ALTER TABLE ONLY public.roles
    ADD CONSTRAINT roles_pkey PRIMARY KEY (id);


--
-- Name: tarea_dependencias tarea_dependencias_pkey; Type: CONSTRAINT; Schema: public; Owner: natsu
--

ALTER TABLE ONLY public.tarea_dependencias
    ADD CONSTRAINT tarea_dependencias_pkey PRIMARY KEY (tarea_id, dependencia_id);


--
-- Name: tarea tarea_pkey; Type: CONSTRAINT; Schema: public; Owner: natsu
--

ALTER TABLE ONLY public.tarea
    ADD CONSTRAINT tarea_pkey PRIMARY KEY (id);


--
-- Name: task_dependencies task_dependencies_pkey; Type: CONSTRAINT; Schema: public; Owner: natsu
--

ALTER TABLE ONLY public.task_dependencies
    ADD CONSTRAINT task_dependencies_pkey PRIMARY KEY (id);


--
-- Name: task_dependencies task_dependencies_task_id_depends_on_task_id_key; Type: CONSTRAINT; Schema: public; Owner: natsu
--

ALTER TABLE ONLY public.task_dependencies
    ADD CONSTRAINT task_dependencies_task_id_depends_on_task_id_key UNIQUE (task_id, depends_on_task_id);


--
-- Name: task_priority task_priority_pkey; Type: CONSTRAINT; Schema: public; Owner: natsu
--

ALTER TABLE ONLY public.task_priority
    ADD CONSTRAINT task_priority_pkey PRIMARY KEY (id);


--
-- Name: task_status task_status_pkey; Type: CONSTRAINT; Schema: public; Owner: natsu
--

ALTER TABLE ONLY public.task_status
    ADD CONSTRAINT task_status_pkey PRIMARY KEY (id);


--
-- Name: tasks tasks_pkey; Type: CONSTRAINT; Schema: public; Owner: natsu
--

ALTER TABLE ONLY public.tasks
    ADD CONSTRAINT tasks_pkey PRIMARY KEY (id);


--
-- Name: miembro_proyecto uk2dt82otwqoth0x3t48s3hbt5a; Type: CONSTRAINT; Schema: public; Owner: natsu
--

ALTER TABLE ONLY public.miembro_proyecto
    ADD CONSTRAINT uk2dt82otwqoth0x3t48s3hbt5a UNIQUE (proyecto_id, usuario_id);


--
-- Name: users users_email_key; Type: CONSTRAINT; Schema: public; Owner: natsu
--

ALTER TABLE ONLY public.users
    ADD CONSTRAINT users_email_key UNIQUE (email);


--
-- Name: users users_pkey; Type: CONSTRAINT; Schema: public; Owner: natsu
--

ALTER TABLE ONLY public.users
    ADD CONSTRAINT users_pkey PRIMARY KEY (id);


--
-- Name: usuarios usuarios_correo_key; Type: CONSTRAINT; Schema: public; Owner: natsu
--

ALTER TABLE ONLY public.usuarios
    ADD CONSTRAINT usuarios_correo_key UNIQUE (correo);


--
-- Name: usuarios usuarios_pkey; Type: CONSTRAINT; Schema: public; Owner: natsu
--

ALTER TABLE ONLY public.usuarios
    ADD CONSTRAINT usuarios_pkey PRIMARY KEY (id);


--
-- Name: idx_bitacora_entity; Type: INDEX; Schema: public; Owner: natsu
--

CREATE INDEX idx_bitacora_entity ON public.bitacora USING btree (entity, entity_id);


--
-- Name: idx_bitacora_user; Type: INDEX; Schema: public; Owner: natsu
--

CREATE INDEX idx_bitacora_user ON public.bitacora USING btree (user_id);


--
-- Name: idx_comments_task; Type: INDEX; Schema: public; Owner: natsu
--

CREATE INDEX idx_comments_task ON public.comments USING btree (task_id);


--
-- Name: idx_progress_task; Type: INDEX; Schema: public; Owner: natsu
--

CREATE INDEX idx_progress_task ON public.progress USING btree (task_id);


--
-- Name: idx_tarea_proyecto; Type: INDEX; Schema: public; Owner: natsu
--

CREATE INDEX idx_tarea_proyecto ON public.tarea USING btree (proyecto_id);


--
-- Name: idx_tasks_assigned; Type: INDEX; Schema: public; Owner: natsu
--

CREATE INDEX idx_tasks_assigned ON public.tasks USING btree (assigned_to);


--
-- Name: idx_tasks_project; Type: INDEX; Schema: public; Owner: natsu
--

CREATE INDEX idx_tasks_project ON public.tasks USING btree (project_id);


--
-- Name: idx_tasks_status; Type: INDEX; Schema: public; Owner: natsu
--

CREATE INDEX idx_tasks_status ON public.tasks USING btree (status_id);


--
-- Name: idx_users_role; Type: INDEX; Schema: public; Owner: natsu
--

CREATE INDEX idx_users_role ON public.users USING btree (role_id);


--
-- Name: bitacora bitacora_user_id_fkey; Type: FK CONSTRAINT; Schema: public; Owner: natsu
--

ALTER TABLE ONLY public.bitacora
    ADD CONSTRAINT bitacora_user_id_fkey FOREIGN KEY (user_id) REFERENCES public.users(id);


--
-- Name: comentarios_tarea comentarios_tarea_tarea_id_fkey; Type: FK CONSTRAINT; Schema: public; Owner: natsu
--

ALTER TABLE ONLY public.comentarios_tarea
    ADD CONSTRAINT comentarios_tarea_tarea_id_fkey FOREIGN KEY (tarea_id) REFERENCES public.tarea(id) ON DELETE CASCADE;


--
-- Name: comentarios_tarea comentarios_tarea_usuario_id_fkey; Type: FK CONSTRAINT; Schema: public; Owner: natsu
--

ALTER TABLE ONLY public.comentarios_tarea
    ADD CONSTRAINT comentarios_tarea_usuario_id_fkey FOREIGN KEY (usuario_id) REFERENCES public.usuarios(id);


--
-- Name: comments comments_task_id_fkey; Type: FK CONSTRAINT; Schema: public; Owner: natsu
--

ALTER TABLE ONLY public.comments
    ADD CONSTRAINT comments_task_id_fkey FOREIGN KEY (task_id) REFERENCES public.tasks(id) ON DELETE CASCADE;


--
-- Name: comments comments_user_id_fkey; Type: FK CONSTRAINT; Schema: public; Owner: natsu
--

ALTER TABLE ONLY public.comments
    ADD CONSTRAINT comments_user_id_fkey FOREIGN KEY (user_id) REFERENCES public.users(id);


--
-- Name: miembro_proyecto miembro_proyecto_proyecto_id_fkey; Type: FK CONSTRAINT; Schema: public; Owner: natsu
--

ALTER TABLE ONLY public.miembro_proyecto
    ADD CONSTRAINT miembro_proyecto_proyecto_id_fkey FOREIGN KEY (proyecto_id) REFERENCES public.proyecto(id);


--
-- Name: miembro_proyecto miembro_proyecto_usuario_id_fkey; Type: FK CONSTRAINT; Schema: public; Owner: natsu
--

ALTER TABLE ONLY public.miembro_proyecto
    ADD CONSTRAINT miembro_proyecto_usuario_id_fkey FOREIGN KEY (usuario_id) REFERENCES public.usuarios(id);


--
-- Name: progress progress_task_id_fkey; Type: FK CONSTRAINT; Schema: public; Owner: natsu
--

ALTER TABLE ONLY public.progress
    ADD CONSTRAINT progress_task_id_fkey FOREIGN KEY (task_id) REFERENCES public.tasks(id) ON DELETE CASCADE;


--
-- Name: progress progress_user_id_fkey; Type: FK CONSTRAINT; Schema: public; Owner: natsu
--

ALTER TABLE ONLY public.progress
    ADD CONSTRAINT progress_user_id_fkey FOREIGN KEY (user_id) REFERENCES public.users(id);


--
-- Name: project_users project_users_project_id_fkey; Type: FK CONSTRAINT; Schema: public; Owner: natsu
--

ALTER TABLE ONLY public.project_users
    ADD CONSTRAINT project_users_project_id_fkey FOREIGN KEY (project_id) REFERENCES public.projects(id);


--
-- Name: project_users project_users_user_id_fkey; Type: FK CONSTRAINT; Schema: public; Owner: natsu
--

ALTER TABLE ONLY public.project_users
    ADD CONSTRAINT project_users_user_id_fkey FOREIGN KEY (user_id) REFERENCES public.users(id);


--
-- Name: projects projects_owner_id_fkey; Type: FK CONSTRAINT; Schema: public; Owner: natsu
--

ALTER TABLE ONLY public.projects
    ADD CONSTRAINT projects_owner_id_fkey FOREIGN KEY (owner_id) REFERENCES public.users(id);


--
-- Name: tarea_dependencias tarea_dependencias_dependencia_id_fkey; Type: FK CONSTRAINT; Schema: public; Owner: natsu
--

ALTER TABLE ONLY public.tarea_dependencias
    ADD CONSTRAINT tarea_dependencias_dependencia_id_fkey FOREIGN KEY (dependencia_id) REFERENCES public.tarea(id) ON DELETE CASCADE;


--
-- Name: tarea_dependencias tarea_dependencias_tarea_id_fkey; Type: FK CONSTRAINT; Schema: public; Owner: natsu
--

ALTER TABLE ONLY public.tarea_dependencias
    ADD CONSTRAINT tarea_dependencias_tarea_id_fkey FOREIGN KEY (tarea_id) REFERENCES public.tarea(id) ON DELETE CASCADE;


--
-- Name: tarea_evidencias tarea_evidencias_tarea_id_fkey; Type: FK CONSTRAINT; Schema: public; Owner: natsu
--

ALTER TABLE ONLY public.tarea_evidencias
    ADD CONSTRAINT tarea_evidencias_tarea_id_fkey FOREIGN KEY (tarea_id) REFERENCES public.tarea(id) ON DELETE CASCADE;


--
-- Name: tarea tarea_proyecto_id_fkey; Type: FK CONSTRAINT; Schema: public; Owner: natsu
--

ALTER TABLE ONLY public.tarea
    ADD CONSTRAINT tarea_proyecto_id_fkey FOREIGN KEY (proyecto_id) REFERENCES public.proyecto(id);


--
-- Name: task_dependencies task_dependencies_depends_on_task_id_fkey; Type: FK CONSTRAINT; Schema: public; Owner: natsu
--

ALTER TABLE ONLY public.task_dependencies
    ADD CONSTRAINT task_dependencies_depends_on_task_id_fkey FOREIGN KEY (depends_on_task_id) REFERENCES public.tasks(id) ON DELETE CASCADE;


--
-- Name: task_dependencies task_dependencies_task_id_fkey; Type: FK CONSTRAINT; Schema: public; Owner: natsu
--

ALTER TABLE ONLY public.task_dependencies
    ADD CONSTRAINT task_dependencies_task_id_fkey FOREIGN KEY (task_id) REFERENCES public.tasks(id) ON DELETE CASCADE;


--
-- Name: tasks tasks_assigned_to_fkey; Type: FK CONSTRAINT; Schema: public; Owner: natsu
--

ALTER TABLE ONLY public.tasks
    ADD CONSTRAINT tasks_assigned_to_fkey FOREIGN KEY (assigned_to) REFERENCES public.users(id);


--
-- Name: tasks tasks_priority_id_fkey; Type: FK CONSTRAINT; Schema: public; Owner: natsu
--

ALTER TABLE ONLY public.tasks
    ADD CONSTRAINT tasks_priority_id_fkey FOREIGN KEY (priority_id) REFERENCES public.task_priority(id);


--
-- Name: tasks tasks_project_id_fkey; Type: FK CONSTRAINT; Schema: public; Owner: natsu
--

ALTER TABLE ONLY public.tasks
    ADD CONSTRAINT tasks_project_id_fkey FOREIGN KEY (project_id) REFERENCES public.projects(id);


--
-- Name: tasks tasks_status_id_fkey; Type: FK CONSTRAINT; Schema: public; Owner: natsu
--

ALTER TABLE ONLY public.tasks
    ADD CONSTRAINT tasks_status_id_fkey FOREIGN KEY (status_id) REFERENCES public.task_status(id);


--
-- Name: users users_role_id_fkey; Type: FK CONSTRAINT; Schema: public; Owner: natsu
--

ALTER TABLE ONLY public.users
    ADD CONSTRAINT users_role_id_fkey FOREIGN KEY (role_id) REFERENCES public.roles(id);


--
-- PostgreSQL database dump complete
--

\unrestrict SZIYbCC2bu1L5geIGJtrggRP0bsHzRL0k9aS88V27BzkbZXNrQbumH4AeUdNMSa

